#{"t_start": 1706801869.5082164, "env_id": "vxUnjamming-v0"}
r,l,t
-615.164071,250,14.538309
-407.290176,250,16.117766
-379.655534,250,17.653364
-218.549941,250,19.197294
